{"\u98a0\u7403": 0.3258945815541338, "\u6295\u7a3f": 0.27157881796177813, "\u8db3\u7403": 0.21726305436942253, "\u9636\u6bb5": 0.19943910884165816, "\u521b\u610f": 0.1629472907770669, "\u62cd\u6444": 0.1629472907770669, "\u7403\u661f": 0.1629472907770669, "\u81ea\u5df1": 0.15724008419345595, "\u5230": 0.12579206735476478, "\u5305\u62ec": 0.11966346530499489, "\u540d": 0.11966346530499489, "\u89c6\u9891": 0.11966346530499489, "%": 0.10863152718471127, "\u52a8\u4f5c": 0.10863152718471127, "\u5404\u4f4d": 0.10863152718471127, "\u5956\u54c1": 0.10863152718471127, "\u6280\u5de7": 0.10863152718471127, "\u7269\u54c1": 0.10863152718471127, "\u82b1\u5f0f": 0.10863152718471127, "\u8d85\u8fc7": 0.10863152718471127, "\u94fe\u63a5": 0.10863152718471127, "\u9650\u4e8e": 0.10863152718471127, "\u4e00\u8d77": 0.09175191732543038, "\u8bbe\u8ba1": 0.09175191732543038, "\u6311\u6218": 0.07977564353666326, "\u6c42": 0.07977564353666326, "\u4ea4\u5927": 0.06289603367738239, "\u5e76": 0.06289603367738239, "\u6708": 0.06289603367738239, "\u4e00\u4e2a": 0.05647870384309018, "\u75ab\u60c5": 0.05647870384309018, "\u7b49": 0.05647870384309018, "s": 0.05431576359235563, "\u4e00\u4e2a\u591a": 0.05431576359235563, "\u4e00\u4e2a\u591a\u6708": 0.05431576359235563, "\u4e00\u7b49": 0.05431576359235563, "\u4e00\u7b49\u5956": 0.05431576359235563, "\u4e09\u7b49": 0.05431576359235563, "\u4e09\u7b49\u5956": 0.05431576359235563, "\u4e0a\u4f20": 0.05431576359235563, "\u4e52\u4e53": 0.05431576359235563, "\u4e52\u4e53\u7403": 0.05431576359235563, "\u4e8c\u7b49": 0.05431576359235563, "\u4e8c\u7b49\u5956": 0.05431576359235563, "\u4e8c\u9636": 0.05431576359235563, "\u4eca\u65e5": 0.05431576359235563, "\u4f18\u79c0": 0.05431576359235563, "\u4f18\u79c0\u4f5c\u54c1": 0.05431576359235563, "\u4f5c\u54c1": 0.05431576359235563, "\u4f7f\u7528": 0.05431576359235563, "\u4fe1\u4e2d": 0.05431576359235563, "\u505c\u6446": 0.05431576359235563, "\u5171\u8bbe": 0.05431576359235563, "\u5230\u6765": 0.05431576359235563, "\u5236\u6210": 0.05431576359235563, "\u52a9\u529b": 0.05431576359235563, "\u536b\u751f\u7eb8": 0.05431576359235563, "\u539f\u6587": 0.05431576359235563, "\u5458": 0.05431576359235563, "\u5584\u6b3e": 0.05431576359235563, "\u573a\u9986": 0.05431576359235563, "\u5747": 0.05431576359235563, "\u591a\u6708": 0.05431576359235563, "\u5927\u547c": 0.05431576359235563, "\u5b57\u5e55": 0.05431576359235563, "\u5bf9\u8c61": 0.05431576359235563, "\u5c06\u5206": 0.05431576359235563, "\u5c55\u793a": 0.05431576359235563, "\u5e94": 0.05431576359235563, "\u5f85\u5b9a": 0.05431576359235563, "\u5fae\u89c6": 0.05431576359235563, "\u6070\u5f53": 0.05431576359235563, "\u6253\u5206": 0.05431576359235563, "\u6295\u7968": 0.05431576359235563, "\u6296\u97f3": 0.05431576359235563, "\u6298\u670d": 0.05431576359235563, "\u62b5\u7528\u5238": 0.05431576359235563, "\u6309": 0.05431576359235563, "\u6311\u6218\u8d5b": 0.05431576359235563, "\u63a5\u529b": 0.05431576359235563, "\u63d0\u4ea4": 0.05431576359235563, "\u6444\u50cf\u673a": 0.05431576359235563, "\u6587\u672b": 0.05431576359235563, "\u65e5\u70b9": 0.05431576359235563, "\u6743\u91cd": 0.05431576359235563, "\u6a59\u5b50": 0.05431576359235563, "\u6b23\u8d4f": 0.05431576359235563, "\u6c42\u5fae": 0.05431576359235563, "\u6c42\u98a0\u7403\u9650": 0.05431576359235563, "\u6d41\u4f20": 0.05431576359235563, "\u6dfb\u52a0": 0.05431576359235563, "\u6e05\u6670": 0.05431576359235563, "\u6e34\u671b": 0.05431576359235563, "\u70b9\u51fb": 0.05431576359235563, "\u7279\u6280": 0.05431576359235563, "\u73b0": 0.05431576359235563, "\u7403": 0.05431576359235563, "\u7403\u5458": 0.05431576359235563, "\u7403\u8d5b": 0.05431576359235563, "\u753b\u8d28": 0.05431576359235563, "\u76f4\u63a5": 0.05431576359235563, "\u77ed": 0.05431576359235563, "\u793c\u54c1": 0.05431576359235563, "\u7b2c\u4e00\u9636\u6bb5": 0.05431576359235563, "\u7b2c\u4e8c": 0.05431576359235563, "\u7b2c\u4e8c\u9636\u6bb5": 0.05431576359235563, "\u7b79\u96c6": 0.05431576359235563, "\u7cbe\u5f69": 0.05431576359235563, "\u7cbe\u6e5b": 0.05431576359235563, "\u7ed3\u5408": 0.05431576359235563, "\u7eff\u8335": 0.05431576359235563, "\u7eff\u8335\u573a": 0.05431576359235563, "\u7f51\u7403": 0.05431576359235563, "\u8010\u4f4f": 0.05431576359235563, "\u805a\u7126": 0.05431576359235563, "\u817f\u90e8": 0.05431576359235563, "\u81ea\u884c": 0.05431576359235563, "\u81ea\u884c\u8bbe\u8ba1": 0.05431576359235563, "\u8303\u7574": 0.05431576359235563, "\u8868\u6f14": 0.05431576359235563, "\u89c2\u4f17": 0.05431576359235563, "\u8bc4\u5206": 0.05431576359235563, "\u8bc4\u9009": 0.05431576359235563, "\u8d60\u9001": 0.05431576359235563, "\u8d85\u7ea7": 0.05431576359235563, "\u8db3\u534f": 0.05431576359235563, "\u8db3\u7403\u8d5b": 0.05431576359235563, "\u8db3\u7403\u8d5b\u4e8b": 0.05431576359235563, "\u8dc3\u8dc3\u6b32\u8bd5": 0.05431576359235563, "\u8fc7\u763e": 0.05431576359235563, "\u9009\u51fa": 0.05431576359235563, "\u957f": 0.05431576359235563, "\u95ee\u5377": 0.05431576359235563, "\u9605\u8bfb": 0.05431576359235563, "\u96c6\u9526": 0.05431576359235563, "\u97f3\u6548": 0.05431576359235563, "b": 0.04587595866271519, "\u4e24\u4e2a": 0.04587595866271519, "\u5168\u7403": 0.04587595866271519, "\u51e0\u4f4d": 0.04587595866271519, "\u536b\u751f": 0.04587595866271519, "\u5426": 0.04587595866271519, "\u5947\u601d\u5999\u60f3": 0.04587595866271519, "\u5982\u4eca": 0.04587595866271519, "\u5df2\u7136": 0.04587595866271519, "\u624b\u673a": 0.04587595866271519, "\u6253\u5f00": 0.04587595866271519, "\u6280\u672f": 0.04587595866271519, "\u6297\u51fb": 0.04587595866271519, "\u6309\u7167": 0.04587595866271519, "\u6444\u50cf": 0.04587595866271519, "\u671f\u5f85": 0.04587595866271519, "\u672c": 0.04587595866271519, "\u673a": 0.04587595866271519, "\u7528": 0.04587595866271519, "\u7ad9": 0.04587595866271519, "\u7b2c\u4e00": 0.04587595866271519, "\u7cbe\u7f8e": 0.04587595866271519, "\u7f51\u7edc": 0.04587595866271519, "\u8bf7": 0.04587595866271519, "\u8d5b\u4e8b": 0.04587595866271519, "\u8d8a\u6765": 0.04587595866271519, "\u8d8a\u6765\u8d8a": 0.04587595866271519, "\u4e8e": 0.03988782176833163, "\u51b3\u5b9a": 0.03988782176833163, "\u52a0\u5165": 0.03988782176833163, "\u53d7\u5230": 0.03988782176833163, "\u591a": 0.03988782176833163, "\u5927\u5bb6": 0.03988782176833163, "\u5c0f": 0.03988782176833163, "\u5f71\u54cd": 0.03988782176833163, "\u63d0\u4f9b": 0.03988782176833163, "\u6b63": 0.03988782176833163, "\u5bf9\u4e8e": 0.03524306194377789, "\u628a": 0.03524306194377789, "\u65b9\u5f0f": 0.03524306194377789, "\u65e5": 0.03524306194377789, "\u6700": 0.03524306194377789, "\u6837": 0.03524306194377789, "\u76f8\u5173": 0.03524306194377789, "\u81f3": 0.03524306194377789, "\u9700": 0.03524306194377789, "\u540c": 0.031448016838691195, "\u540c\u5b66": 0.031448016838691195, "\u6240": 0.031448016838691195, "\u6765": 0.031448016838691195, "\u6d3b\u52a8": 0.031448016838691195, "\u7ed9": 0.031448016838691195, "\u4e0a": 0.02823935192154509, "\u5c06": 0.02823935192154509, "\u6216": 0.02823935192154509, "\u4e2d": 0.02545987994430763, "\u95f4": 0.02545987994430763, "\u524d": 0.023008211909050755}